id;name;image;image_content_type
1;Intelligent open-source Kentucky;../fake-data/blob/hipster.png;image/png
2;orchid Bosnia CSS;../fake-data/blob/hipster.png;image/png
3;bandwidth Bacon;../fake-data/blob/hipster.png;image/png
4;circuit;../fake-data/blob/hipster.png;image/png
5;help-desk Kenya;../fake-data/blob/hipster.png;image/png
6;Rupee;../fake-data/blob/hipster.png;image/png
7;Open-source violet withdrawal;../fake-data/blob/hipster.png;image/png
8;paradigms;../fake-data/blob/hipster.png;image/png
9;Utah Sleek bypassing;../fake-data/blob/hipster.png;image/png
10;revolutionize cross-platform generate;../fake-data/blob/hipster.png;image/png
